title,id,tagPages,tags,description
185,185,"performance.html,pun.html","Performance,Pun",
5-4-3-2-1,5-4-3-2-1,"long_forms.html,performance.html","Long Form,Performance",
60 Seconds of Silence,60SecondsOfSilence,"exercises.html,scene.html","Exercise,Scenework",
Adjective-Adjective-Name,adjectiveAdjectiveName,"character.html,exercises.html","Character,Exercise",
A Real Reason,aRealReason,"exercises.html",Exercise,
Ad Game,adGame,"exercises.html,group.html,listening.html,performance.html,scene.html","Exercise,Group Game,Listening,Performance,Scenework"
Acapella Harmonies,acapellaHarmonies,"exercises.html,musical.html,warm_ups.html","Exercise,Musical,Warm Up",
Alien Tiger Cow,alienTigerCow,"exercises.html,party.html","Exercise,Party",
Alphabet Game,alphabetGame,"exercises.html,listening.html,performance.html,scene.html","Exercise,Listening,Performance,Scenework",
Bad Rap,badRap,"exercises.html,listening.html,musical.html,party.html,warm_ups.html","Exercise,Listening,Musical,Party,Warm Up",
Ballad,ballad,"interview.html,musical.html,performance.html,song_formats.html","Interview,Musical,Performance,Song Format",
Balladeer,balladeer,"long_forms.html,musical.html,narrative.html,performance.html","Long Form,Musical,narrative,performance",
Band,band,"exercises.html,group.html,musical.html,party.html,performance.html","Exercise,Group Game,Musical,Party,Performance",
Bard's Ballad,bardsBallad,"group.html,musical.html,narrative.html,performance.html,scene.html","Group Game, Musical,Narrative,Performance,Scene",
Bat,bat,"long_forms.html,performance.html,scene.html","Long Form,Performance,Scene",
Beastie Boys,beastieBoys,"exercises.html,group.html,listening.html,musical.html,party.html,performance.html,warm_ups.html","Exercise,Group Game,Listening,Musical,Party,Performance/Warm Up",
Beastie Rap,beastieRap,"exercises.html,listening.html,musical.html,warm_ups.html","Exercise,Listening,Musical,Warm Up",
Big Booty,bigBooty,"exercises.html,listening.html,party.html,warm_ups.html","Exercise,Listening,Part,Warm Up",